query_id,split,query_set,tier,policy,ran,picked_slot,rank,candidate_rank@30,candidate_recall,hit1,hit5,hit10,mrr10,ndcg10,shown_ids
c701,dev,clarify_v1,misinformation,initial,1,vocal_gender,,28,1.0,0.0,0.0,0.0,0.0,0.0,4446485|4038857|31373277|30157753|30721801|5482064|8203900|686651|848156|30190630
c701,dev,clarify_v1,misinformation,reject_only,1,vocal_gender,9,24,1.0,0.0,0.0,1.0,0.111111,0.30103,1459456|31984204|4021445|5668985|32574|89806|425634|622912|4412196|30132687
c701,dev,clarify_v1,misinformation,reject_twice,0,vocal_gender,9,24,1.0,0.0,0.0,1.0,0.111111,0.30103,1459456|31984204|4021445|5668985|32574|89806|425634|622912|4412196|30132687
c701,dev,clarify_v1,misinformation,skip,1,vocal_gender,,24,1.0,0.0,0.0,0.0,0.0,0.0,1459456|31984204|89806|523274|425634|4021445|32574|432357|30132687|1521180
c701,dev,clarify_v1,misinformation,oracle:vocal_gender,1,vocal_gender,,12,1.0,0.0,0.0,0.0,0.0,0.0,1459456|31984204|89806|425634|432357|32574|4021445|622912|5668985|523274
c701,dev,clarify_v1,misinformation,oracle:type,1,vocal_gender,,18,1.0,0.0,0.0,0.0,0.0,0.0,1459456|89806|31984204|622912|523274|425634|32574|27600|432357|7942948
c701,dev,clarify_v1,misinformation,oracle:genre,1,vocal_gender,3,22,1.0,0.0,1.0,1.0,0.333333,0.5,1459456|31984204|4412196|4021445|30132687|32574|5668985|89806|425634|622912
c701,dev,clarify_v1,misinformation,oracle:release_era,1,vocal_gender,,16,1.0,0.0,0.0,0.0,0.0,0.0,30132687|30755375|4021445|5668985|31984204|7942948|1459456|523274|89806|622912
c701,dev,clarify_v1,misinformation,noisy:vocal_gender,1,vocal_gender,,24,1.0,0.0,0.0,0.0,0.0,0.0,1459456|89806|4021445|32574|30755375|425634|31984204|5668985|523274|1521180
c701,dev,clarify_v1,misinformation,noisy:type,1,vocal_gender,,24,1.0,0.0,0.0,0.0,0.0,0.0,1459456|30132687|4021445|8102386|30755375|422606|1521180|5668985|425634|89806
c701,dev,clarify_v1,misinformation,noisy:genre,1,vocal_gender,,24,1.0,0.0,0.0,0.0,0.0,0.0,1459456|89806|523274|31984204|4021445|30755375|27600|32574|425634|622912
c701,dev,clarify_v1,misinformation,noisy:release_era,1,vocal_gender,,27,1.0,0.0,0.0,0.0,0.0,0.0,30132687|1459456|89806|523274|32574|425634|4021445|432357|1521180|30755375
c701,dev,clarify_v1,misinformation,rule:oracle,1,vocal_gender,,12,1.0,0.0,0.0,0.0,0.0,0.0,523274|1459456|89806|4021445|432357|31984204|30755375|30132687|425634|622912
c701,dev,clarify_v1,misinformation,rule:noisy,1,vocal_gender,,24,1.0,0.0,0.0,0.0,0.0,0.0,1459456|31984204|30132687|89806|4021445|425634|523274|5668985|32574|1521180
c701,dev,clarify_v1,misinformation,rule:skip,1,vocal_gender,,24,1.0,0.0,0.0,0.0,0.0,0.0,1459456|31984204|89806|523274|425634|4021445|32574|432357|30132687|1521180
c701,dev,clarify_v1,misinformation,oracle:best,1,vocal_gender,3,22,1.0,0.0,1.0,1.0,0.333333,0.5,1459456|31984204|4412196|4021445|30132687|32574|5668985|89806|425634|622912
c705,dev,clarify_v1,misinformation,initial,1,vocal_gender,,28,1.0,0.0,0.0,0.0,0.0,0.0,445413|529685|27600|10837|530043|8203900|848156|490173|2109706|5668985
c705,dev,clarify_v1,misinformation,reject_only,1,vocal_gender,,26,1.0,0.0,0.0,0.0,0.0,0.0,429656|8302|31373277|4038857|2386960|5482064|483640|866706|1144020|1379738
c705,dev,clarify_v1,misinformation,reject_twice,1,vocal_gender,,23,1.0,0.0,0.0,0.0,0.0,0.0,622912|31984204|1901874|1108584|2270749|31406357|1563629|732373|1789828|2549955
c705,dev,clarify_v1,misinformation,skip,1,vocal_gender,,26,1.0,0.0,0.0,0.0,0.0,0.0,5482064|8302|429656|31373277|4038857|866706|483640|1144020|432941|1901874
c705,dev,clarify_v1,misinformation,oracle:vocal_gender,1,vocal_gender,,2,1.0,0.0,0.0,0.0,0.0,0.0,622912|429656|866706|5482064|8302|4038857|31373277|1563629|1144020|432357
c705,dev,clarify_v1,misinformation,oracle:type,1,vocal_gender,,19,1.0,0.0,0.0,0.0,0.0,0.0,8302|31373277|429656|4038857|30721801|866706|5482064|1144020|483640|732373
c705,dev,clarify_v1,misinformation,oracle:genre,1,vocal_gender,,23,1.0,0.0,0.0,0.0,0.0,0.0,5482064|8302|429656|31373277|4038857|866706|1144020|30721801|483640|30962526
c705,dev,clarify_v1,misinformation,oracle:release_era,1,vocal_gender,,15,1.0,0.0,0.0,0.0,0.0,0.0,622912|429656|5482064|4038857|1145943|1379738|30721801|483640|31373277|1563629
c705,dev,clarify_v1,misinformation,noisy:vocal_gender,1,vocal_gender,,26,1.0,0.0,0.0,0.0,0.0,0.0,5482064|8302|429656|31373277|4038857|866706|1144020|483640|1901874|1379738
c705,dev,clarify_v1,misinformation,noisy:type,1,vocal_gender,,26,1.0,0.0,0.0,0.0,0.0,0.0,622912|429656|8102386|5482064|4038857|31373277|30721801|483640|1144020|866706
c705,dev,clarify_v1,misinformation,noisy:genre,1,vocal_gender,,26,1.0,0.0,0.0,0.0,0.0,0.0,429656|432357|8302|5482064|31373277|4038857|866706|1144020|30721801|483640
c705,dev,clarify_v1,misinformation,noisy:release_era,1,vocal_gender,,26,1.0,0.0,0.0,0.0,0.0,0.0,622912|429656|8302|483640|31373277|5482064|4038857|866706|1901874|1379738
c705,dev,clarify_v1,misinformation,rule:oracle,1,vocal_gender,,2,1.0,0.0,0.0,0.0,0.0,0.0,622912|429656|5482064|4038857|31373277|866706|432357|8302|30721801|1144020
c705,dev,clarify_v1,misinformation,rule:noisy,1,vocal_gender,,26,1.0,0.0,0.0,0.0,0.0,0.0,2386960|429656|483640|8302|31373277|4038857|5482064|866706|1144020|1901874
c705,dev,clarify_v1,misinformation,rule:skip,1,vocal_gender,,26,1.0,0.0,0.0,0.0,0.0,0.0,5482064|8302|429656|31373277|4038857|866706|483640|1144020|432941|1901874
c705,dev,clarify_v1,misinformation,oracle:best,1,vocal_gender,,2,1.0,0.0,0.0,0.0,0.0,0.0,622912|429656|866706|5482064|8302|4038857|31373277|1563629|1144020|432357
