policy,n_full,n_intervention,n_executed,full_hit@1,full_hit@5,full_hit@10,full_mrr@10,int_hit@1,int_hit@5,int_hit@10,int_candidate_recall@30
initial,9,9,9,0.0,0.0,0.0,0.0,0.0,0.0,0.0,0.8889
reject_only,9,9,9,0.0,0.2222,0.3333,0.0611,0.0,0.2222,0.3333,0.8889
reject_twice,9,9,6,0.0,0.3333,0.4444,0.0889,0.0,0.3333,0.4444,0.8889
skip,9,9,9,0.0,0.2222,0.3333,0.0611,0.0,0.2222,0.3333,0.8889
oracle:vocal_gender,9,9,9,0.2222,0.6667,0.7778,0.4048,0.2222,0.6667,0.7778,0.8889
oracle:type,9,9,9,0.0,0.2222,0.3333,0.0611,0.0,0.2222,0.3333,0.8889
oracle:genre,9,9,9,0.0,0.4444,0.5556,0.1457,0.0,0.4444,0.5556,0.8889
oracle:release_era,9,9,9,0.0,0.2222,0.3333,0.0611,0.0,0.2222,0.3333,0.8889
noisy:vocal_gender,9,9,9,0.0,0.1111,0.1111,0.0278,0.0,0.1111,0.1111,0.8889
noisy:type,9,9,9,0.0,0.2222,0.3333,0.0611,0.0,0.2222,0.3333,0.8889
noisy:genre,9,9,9,0.0,0.1111,0.3333,0.0512,0.0,0.1111,0.3333,0.8889
noisy:release_era,9,9,9,0.0,0.2222,0.3333,0.0611,0.0,0.2222,0.3333,0.8889
rule:oracle,9,9,9,0.2222,0.7778,0.8889,0.427,0.2222,0.7778,0.8889,0.8889
rule:noisy,9,9,9,0.0,0.1111,0.1111,0.0278,0.0,0.1111,0.1111,0.8889
rule:skip,9,9,9,0.0,0.2222,0.3333,0.0611,0.0,0.2222,0.3333,0.8889
oracle:best,9,9,9,0.2222,0.7778,0.8889,0.4548,0.2222,0.7778,0.8889,0.8889
