policy,n_full,n_intervention,n_conversations,n_executed,full_hit@1,full_hit@5,full_hit@10,full_mrr@10,int_hit@1,int_hit@5,int_hit@10,int_candidate_recall@30,int_found_by_turn2,int_final_relaxed,int_relaxed_seen,n_conv_out_of_candidates
initial,57,14,14,57,0.4912,0.7018,0.7544,0.5681,0.0,0.0,0.0,0.1607,,0.2857,,
reject_only,57,14,14,14,0.5439,0.7719,0.8596,0.6306,0.2143,0.2857,0.4286,0.5179,,0.5714,,
reject_twice,57,14,14,8,0.5439,0.7719,0.8596,0.6306,0.2143,0.2857,0.4286,0.5179,,0.5714,,
skip,57,14,14,14,0.5439,0.7719,0.8596,0.6306,0.2143,0.2857,0.4286,0.5179,,0.5714,,
oracle:vocal_gender,57,14,14,14,0.5439,0.807,0.8772,0.6456,0.2143,0.4286,0.5,0.5179,,0.7143,,
oracle:type,57,14,14,14,0.5439,0.7719,0.8246,0.6296,0.2143,0.2857,0.2857,0.5179,,0.5714,,
oracle:genre,57,14,14,14,0.5614,0.7895,0.8421,0.6442,0.2857,0.3571,0.3571,0.5179,,0.6429,,
oracle:release_era,57,14,14,14,0.5439,0.7895,0.8596,0.6383,0.2143,0.3571,0.4286,0.5179,,0.6429,,
noisy:vocal_gender,57,14,14,14,0.5088,0.7193,0.8246,0.5912,0.0714,0.0714,0.2857,0.5179,,0.4286,,
noisy:type,57,14,14,14,0.4912,0.7018,0.807,0.5744,0.0,0.0,0.2143,0.5179,,0.2857,,
noisy:genre,57,14,14,14,0.5088,0.7544,0.8596,0.6054,0.0714,0.2143,0.4286,0.5179,,0.5,,
noisy:release_era,57,14,14,14,0.5614,0.7895,0.8421,0.6427,0.2857,0.3571,0.3571,0.5179,,0.5,,
rule:oracle,57,14,14,14,0.5614,0.8246,0.8772,0.6646,0.2857,0.5,0.5,0.5179,,0.6429,,
rule:noisy,57,14,14,14,0.5088,0.7368,0.8421,0.5958,0.0714,0.1429,0.3571,0.5179,,0.5,,
rule:skip,57,14,14,14,0.5439,0.7719,0.8596,0.6306,0.2143,0.2857,0.4286,0.5179,,0.5714,,
oracle:best,57,14,14,14,0.5614,0.8246,0.8947,0.6646,0.2857,0.5,0.5714,0.5179,,0.7143,,
flow:reject,57,14,26,14,0.5439,0.7719,0.8465,0.6287,0.2143,0.2857,0.375,0.5179,0.375,0.5179,0.7143,18
flow:skip,57,14,26,14,0.5439,0.7719,0.8465,0.6287,0.2143,0.2857,0.375,0.5179,0.375,0.5179,0.7143,18
flow:oracle,57,14,26,14,0.5482,0.8289,0.8816,0.6559,0.2321,0.5179,0.5179,0.5179,0.5,0.7357,0.8571,18
flow:noisy,57,14,26,14,0.5088,0.7368,0.8289,0.594,0.0714,0.1429,0.3036,0.5179,0.2857,0.4857,0.6071,18
