A_major_emotion,B_index_terms,songs
Sadness,슬픔 슬픈,364
Joy,기쁨 기쁜,122
Melancholy,쓸쓸함,98
Nostalgia,추억,65
Healing,위로,60
Excitement,신남,42
Empowerment,자신감 당당한,31
Excitement,설렘,30
Longing,그리움 그리운,13
Love,사랑 사랑하는,12
Confidence,자신감 당당한,9
Passion,열정,5
Bittersweet,그리움 그리운,4
Excitement,(비움),4
Loneliness,쓸쓸함,3
Yearning,그리움 그리운,3
Liberation,희망 희망찬,2
Cynicism,(비움),2
Defiance,자신감 당당한,2
Catharsis,(비움),2
Sensual,설렘,1
Sensuality,(비움),1
Gratitude,(비움),1
Desire,(비움),1
Sarcasm,(비움),1
Determination,자신감 당당한,1
Mood,(비움),1
Conflict,(비움),1
Joyful,기쁨 기쁜,1
Resentment,분노 화난,1
Affection,사랑 사랑하는,1
Mysterious,몽환,1
Joyful,설렘,1
Despair,(비움),1
Intensity,열정,1
Frustration,(비움),1
Cool,(비움),1
Euphoria,기쁨 기쁜,1
Relief,(비움),1
Suspense,(비움),1
Intensity,(비움),1
Angst,슬픔 슬픈,1
Captivation,(비움),1
Obsession,(비움),1
Joyful,신남,1
Liberation,자신감 당당한,1
Romance,사랑 사랑하는,1
Happiness,기쁨 기쁜,1
Catharsis,위로,1
Defiance,분노 화난,1
Sensuality,설렘,1
Resilience,자신감 당당한,1
