query_expression,token,A_doc_freq,B_doc_freq,A_idf,B_idf
슬픈,슬프다,170,428,1.67,0.749
그리운,그립다,107,124,2.132,1.985
기쁜,기쁘다,14,137,4.135,1.885
신나는,신나다,146,149,1.822,1.802
설레는,설레다,269,269,1.212,1.212
쓸쓸한,쓸쓸,276,316,1.187,1.052
쓸쓸한,쓸쓸하다,277,316,1.183,1.052
추억의,추억,821,822,0.098,0.097
위로되는,위로,508,508,0.578,0.578
위로되는,되다,543,543,0.511,0.511
위로되는,위로되다,1,1,6.404,6.404
사랑하는,사랑,737,737,0.206,0.206
사랑하는,사랑하다,452,457,0.694,0.683
당당한,당당,98,102,2.219,2.179
당당한,당당하다,97,101,2.229,2.189
화난,화난,0,0,6.404,6.404
희망찬,희망차다,6,8,4.937,4.669
