query_id,split,has_emotion_expression,same_analysis,A_candidate_rank@30,B_candidate_rank@30,A_baseline_rank,B_baseline_rank,A_rerank_rank,B_rerank_rank,rank_changed
q101,dev,0,1,21,21,,,,,0
q102,test,0,1,25,25,,,,,0
q103,dev,1,1,1,1,1,1,1,1,0
q104,dev,0,1,1,1,1,1,1,1,0
q105,dev,0,1,2,2,2,2,1,1,0
q106,dev,0,1,4,4,4,4,4,4,0
q107,dev,0,1,1,1,1,1,1,1,0
q108,dev,0,1,1,1,1,1,1,1,0
q109,test,0,1,1,2,1,2,1,2,1
q110,dev,0,1,1,1,1,1,1,1,0
q111,test,0,1,1,1,1,1,1,1,0
q112,dev,0,1,1,1,1,1,1,1,0
q113,dev,0,1,1,1,1,1,1,1,0
q114,dev,0,1,1,1,1,1,1,1,0
q115,dev,0,1,12,12,,,,,0
q118,test,0,1,,,,,,,0
q120,test,0,1,1,1,1,1,1,1,0
q200,test,0,1,14,14,,,,,0
q201,test,1,1,2,2,2,2,1,1,0
q202,dev,0,1,3,3,3,3,3,3,0
q203,dev,0,1,21,21,,,,,0
q204,dev,0,1,2,2,2,2,2,2,0
q205,dev,0,1,11,11,,,,,0
q206,dev,0,1,1,1,1,1,1,1,0
q207,dev,0,1,1,1,1,1,1,1,0
q208,dev,0,1,5,5,5,5,2,2,0
q209,dev,0,1,1,1,1,1,1,1,0
q210,dev,0,1,6,6,6,6,6,6,0
q211,dev,0,1,2,2,2,2,2,2,0
q212,test,1,1,2,2,2,2,1,1,0
q213,dev,1,1,1,1,1,1,1,1,0
q214,test,0,1,16,16,,,,,0
q215,dev,0,1,5,5,5,5,1,1,0
q218,dev,0,1,2,2,2,2,2,2,0
q219,dev,0,1,1,1,1,1,3,3,0
q300,test,0,1,1,1,1,1,1,1,0
q301,test,0,1,1,1,1,1,1,1,0
q302,test,0,1,1,1,1,1,1,1,0
q303,test,0,1,1,1,1,1,1,1,0
q304,dev,0,1,2,2,2,2,2,2,0
q305,test,0,1,1,1,1,1,2,2,0
q306,test,0,1,1,1,1,1,1,1,0
q307,dev,0,1,2,2,2,2,2,2,0
q308,dev,0,1,1,1,1,1,1,1,0
q309,test,0,1,1,1,1,1,1,1,0
q310,dev,1,1,3,2,3,2,2,2,1
q311,dev,0,1,1,1,1,1,1,1,0
q312,dev,0,1,2,2,2,2,2,2,0
q313,dev,0,1,1,1,1,1,1,1,0
q314,dev,0,1,1,1,1,1,1,1,0
q315,dev,0,1,1,1,1,1,1,1,0
q316,dev,0,1,23,24,,,,,1
q318,dev,0,1,1,1,1,1,1,1,0
m101,test,0,1,1,1,1,1,1,1,0
m102,dev,0,1,1,1,1,1,1,1,0
m103,dev,0,1,1,1,1,1,2,2,0
m104,dev,0,1,1,1,1,1,1,1,0
m105,test,0,1,8,8,8,8,8,8,0
m201,dev,0,1,5,5,5,5,5,5,0
m202,dev,0,1,8,8,8,8,8,8,0
m203,dev,0,1,1,1,1,1,1,1,0
m401,test,0,1,,,,,,,0
m402,dev,0,1,15,15,,,,,0
c601,dev,0,1,9,9,9,9,9,9,0
c602,dev,0,1,7,7,7,7,7,7,0
c603,dev,0,1,7,7,7,7,7,7,0
c605,dev,0,1,2,2,2,2,2,2,0
c606,test,0,1,8,8,8,8,8,8,0
c607,dev,1,1,23,23,,,,,0
c608,test,0,1,,,,,,,0
c701,dev,0,1,28,28,,,,,0
c703,test,0,1,9,9,9,9,9,9,0
c704,test,0,1,,,,,,,0
c705,dev,0,1,23,23,,,,,0
c706,dev,1,1,5,6,5,6,5,6,1
c707,dev,1,1,19,19,,,,,0
