stage,n,median_ms,p95_ms,max_ms,min_ms
client_ms,6,7110.0,11980.0,11980.0,5912.9
server_total_ms,6,7108.5,11978.1,11978.1,5911.2
framework_ms,6,1.1,1.2,1.2,1.0
route_ms,6,7107.4,11977.1,11977.1,5910.1
analysis_ms,6,3087.9,7322.7,7322.7,2482.5
search_ms,6,3342.6,5330.3,5330.3,3016.9
paths_ms,6,547.5,2571.5,2571.5,301.1
fuse_ms,6,2.0,3.0,3.0,0.4
rerank_ms,6,2784.4,4052.4,4052.4,2715.1
explain_ms,6,0.2,0.2,0.2,0.2
clarify_ms,6,0.0,0.1,0.1,0.0
slowest_path_run_ms,6,545.2,2567.3,2567.3,300.9
path_wait_max_ms,6,2.6,4.5,4.5,1.4
lyrics_load_ms,1,2564.6,2564.6,2564.6,2564.6
lyrics_scan_ms,1,2.7,2.7,2.7,2.7
text_embed_ms,6,270.8,474.2,474.2,197.8
text_query_ms,6,104.0,318.4,318.4,64.5
