scope,policy,n_full,n_intervention,n_conversations,n_executed,full_hit@1,full_hit@5,full_hit@10,full_mrr@10,int_hit@1,int_hit@5,int_hit@10,int_candidate_recall@30,int_found_by_turn2,int_final_relaxed,int_relaxed_seen,n_conv_out_of_candidates
all,initial,57,21,21,57,0.386,0.5614,0.6316,0.4488,0.0,0.0,0.0,0.4246,,0.381,,
all,reject_only,57,21,21,21,0.4386,0.6316,0.7544,0.5132,0.1429,0.1905,0.3333,0.6627,,0.381,,
all,reject_twice,57,21,21,14,0.4386,0.7018,0.8246,0.5351,0.1429,0.381,0.5238,0.6627,,0.5714,,
all,skip,57,21,21,21,0.4386,0.6316,0.7544,0.5132,0.1429,0.1905,0.3333,0.6627,,0.381,,
all,oracle:vocal_gender,57,21,21,21,0.4737,0.6842,0.8246,0.5561,0.2381,0.3333,0.5238,0.6627,,0.5714,,
all,oracle:type,57,21,21,21,0.4386,0.6842,0.8246,0.5314,0.1429,0.3333,0.5238,0.6627,,0.5714,,
all,oracle:genre,57,21,21,21,0.4561,0.6842,0.8421,0.5441,0.1905,0.3333,0.5714,0.6627,,0.619,,
all,oracle:release_era,57,21,21,21,0.4561,0.7368,0.8772,0.553,0.1905,0.4762,0.6667,0.6627,,0.7143,,
all,noisy:vocal_gender,57,21,21,21,0.4211,0.5965,0.7193,0.4909,0.0952,0.0952,0.2381,0.6627,,0.2857,,
all,noisy:type,57,21,21,21,0.386,0.6316,0.7193,0.472,0.0,0.1905,0.2381,0.6627,,0.2857,,
all,noisy:genre,57,21,21,21,0.4035,0.614,0.7368,0.4857,0.0476,0.1429,0.2857,0.6627,,0.3333,,
all,noisy:release_era,57,21,21,21,0.4035,0.5965,0.7018,0.4743,0.0476,0.0952,0.1905,0.6627,,0.2381,,
all,rule:oracle,57,21,21,21,0.4737,0.7018,0.8421,0.5596,0.2381,0.381,0.5714,0.6627,,0.619,,
all,rule:noisy,57,21,21,21,0.4211,0.5965,0.7193,0.4915,0.0952,0.0952,0.2381,0.6627,,0.2857,,
all,rule:skip,57,21,21,21,0.4386,0.6316,0.7544,0.5132,0.1429,0.1905,0.3333,0.6627,,0.381,,
all,oracle:best,57,21,21,21,0.5088,0.7895,0.8772,0.6025,0.3333,0.619,0.6667,0.6627,,0.7143,,
all,flow:reject,57,21,35,21,0.4386,0.6901,0.7997,0.5303,0.1429,0.3492,0.4563,0.6627,0.2976,0.5357,0.7619,19
all,flow:skip,57,21,35,21,0.4386,0.6901,0.7997,0.5303,0.1429,0.3492,0.4563,0.6627,0.2976,0.5357,0.7619,19
all,flow:oracle,57,21,35,21,0.462,0.731,0.8582,0.5636,0.2063,0.4603,0.6151,0.6627,0.504,0.6595,0.9048,19
all,flow:noisy,57,21,35,21,0.4035,0.6009,0.7412,0.483,0.0476,0.1071,0.2976,0.6627,0.1429,0.3937,0.6667,19
specific,initial,52,16,16,52,0.4231,0.6154,0.6923,0.492,0.0,0.0,0.0,0.5,,0.1875,,
specific,reject_only,52,16,16,16,0.4808,0.6923,0.8077,0.5598,0.1875,0.25,0.375,0.8125,,0.375,,
specific,reject_twice,52,16,16,10,0.4808,0.75,0.8654,0.579,0.1875,0.4375,0.5625,0.8125,,0.5625,,
specific,skip,52,16,16,16,0.4808,0.6923,0.8077,0.5598,0.1875,0.25,0.375,0.8125,,0.375,,
specific,oracle:vocal_gender,52,16,16,16,0.5192,0.75,0.8846,0.6068,0.3125,0.4375,0.625,0.8125,,0.625,,
specific,oracle:type,52,16,16,16,0.4808,0.75,0.8654,0.5776,0.1875,0.4375,0.5625,0.8125,,0.5625,,
specific,oracle:genre,52,16,16,16,0.5,0.75,0.8846,0.5904,0.25,0.4375,0.625,0.8125,,0.625,,
specific,oracle:release_era,52,16,16,16,0.5,0.7692,0.9231,0.5949,0.25,0.5,0.75,0.8125,,0.75,,
specific,noisy:vocal_gender,52,16,16,16,0.4423,0.6346,0.75,0.5161,0.0625,0.0625,0.1875,0.8125,,0.1875,,
specific,noisy:type,52,16,16,16,0.4231,0.6731,0.75,0.5112,0.0,0.1875,0.1875,0.8125,,0.1875,,
specific,noisy:genre,52,16,16,16,0.4423,0.6731,0.7885,0.53,0.0625,0.1875,0.3125,0.8125,,0.3125,,
specific,noisy:release_era,52,16,16,16,0.4423,0.6538,0.75,0.5172,0.0625,0.125,0.1875,0.8125,,0.1875,,
specific,rule:oracle,52,16,16,16,0.5192,0.7692,0.9038,0.6107,0.3125,0.5,0.6875,0.8125,,0.6875,,
specific,rule:noisy,52,16,16,16,0.4423,0.6346,0.75,0.5171,0.0625,0.0625,0.1875,0.8125,,0.1875,,
specific,rule:skip,52,16,16,16,0.4808,0.6923,0.8077,0.5598,0.1875,0.25,0.375,0.8125,,0.375,,
specific,oracle:best,52,16,16,16,0.5577,0.8269,0.9231,0.6492,0.4375,0.6875,0.75,0.8125,,0.75,,
specific,flow:reject,52,16,16,16,0.4808,0.75,0.8654,0.579,0.1875,0.4375,0.5625,0.8125,0.375,0.5625,0.6875,3
specific,flow:skip,52,16,16,16,0.4808,0.75,0.8654,0.579,0.1875,0.4375,0.5625,0.8125,0.375,0.5625,0.6875,3
specific,flow:oracle,52,16,16,16,0.5,0.7885,0.9231,0.6074,0.25,0.5625,0.75,0.8125,0.625,0.75,0.875,3
specific,flow:noisy,52,16,16,16,0.4423,0.6538,0.8077,0.5284,0.0625,0.125,0.375,0.8125,0.1875,0.375,0.5625,3
categorical,initial,5,5,5,5,0.0,0.0,0.0,0.0,0.0,0.0,0.0,0.1833,,1.0,,
categorical,reject_only,5,5,5,5,0.0,0.0,0.2,0.0286,0.0,0.0,0.2,0.1833,,0.4,,
categorical,reject_twice,5,5,5,4,0.0,0.2,0.4,0.0786,0.0,0.2,0.4,0.1833,,0.6,,
categorical,skip,5,5,5,5,0.0,0.0,0.2,0.0286,0.0,0.0,0.2,0.1833,,0.4,,
categorical,oracle:vocal_gender,5,5,5,5,0.0,0.0,0.2,0.0286,0.0,0.0,0.2,0.1833,,0.4,,
categorical,oracle:type,5,5,5,5,0.0,0.0,0.4,0.0508,0.0,0.0,0.4,0.1833,,0.6,,
categorical,oracle:genre,5,5,5,5,0.0,0.0,0.4,0.0619,0.0,0.0,0.4,0.1833,,0.6,,
categorical,oracle:release_era,5,5,5,5,0.0,0.4,0.4,0.1167,0.0,0.4,0.4,0.1833,,0.6,,
categorical,noisy:vocal_gender,5,5,5,5,0.2,0.2,0.4,0.2286,0.2,0.2,0.4,0.1833,,0.6,,
categorical,noisy:type,5,5,5,5,0.0,0.2,0.4,0.065,0.0,0.2,0.4,0.1833,,0.6,,
categorical,noisy:genre,5,5,5,5,0.0,0.0,0.2,0.025,0.0,0.0,0.2,0.1833,,0.4,,
categorical,noisy:release_era,5,5,5,5,0.0,0.0,0.2,0.0286,0.0,0.0,0.2,0.1833,,0.4,,
categorical,rule:oracle,5,5,5,5,0.0,0.0,0.2,0.0286,0.0,0.0,0.2,0.1833,,0.4,,
categorical,rule:noisy,5,5,5,5,0.2,0.2,0.4,0.225,0.2,0.2,0.4,0.1833,,0.6,,
categorical,rule:skip,5,5,5,5,0.0,0.0,0.2,0.0286,0.0,0.0,0.2,0.1833,,0.4,,
categorical,oracle:best,5,5,5,5,0.0,0.4,0.4,0.1167,0.0,0.4,0.4,0.1833,,0.6,,
categorical,flow:reject,5,5,19,5,0.0,0.0667,0.1167,0.0238,0.0,0.0667,0.1167,0.1833,0.05,0.45,1.0,16
categorical,flow:skip,5,5,19,5,0.0,0.0667,0.1167,0.0238,0.0,0.0667,0.1167,0.1833,0.05,0.45,1.0,16
categorical,flow:oracle,5,5,19,5,0.0667,0.1333,0.1833,0.1071,0.0667,0.1333,0.1833,0.1833,0.1167,0.37,1.0,16
categorical,flow:noisy,5,5,19,5,0.0,0.05,0.05,0.01,0.0,0.05,0.05,0.1833,0.0,0.4533,1.0,16
