split,query_id,modality_focus,song_id,cover_hash,vector_file,in_collection,cos_file_vs_collection,cos_fresh_vs_collection,fetch_note,rank_cached,score_cached,rank_visual,score_visual,image_path_active,image_rank_v23,fused_rank_deep,boosted_rank_deep,pool_rank_30,stage_30,rank_before_rerank,rank_after_rerank,rerank_strategy,ce_scope,final_rank_v22
test,q116,image,31133898,2277108d399e,1,1,1.0,1.0,,22,0.139921,42,0.128509,1,22,50,50,24,후보 안,24,24,,채점 안 함(앞 20개만 채점),out
test,q116,image,3731994,907a3cbdc754,1,1,1.0,0.999858,,138,0.114597,97,0.116868,1,138,294,294,out,경로 밖,out,out,,후보 밖,out
test,q116,image,30550388,9116ab1ef218,1,1,1.0,1.0,,18,0.141231,17,0.137785,1,18,17,17,18,후보 안,18,18,저신뢰 — 상위 5개만 재정렬 · 앞 20개만 채점,채점,out
test,q116,image,37334011,ab8d186e12ff,1,1,1.0,1.0,,2540,0.045352,1565,0.061022,1,2540,2395,2395,out,경로 밖,out,out,,후보 밖,out
test,q116,image,31532643,4572f99fea5f,1,1,1.0,0.992937,,676,0.088918,875,0.078791,1,676,1168,1168,out,경로 밖,out,out,,후보 밖,out
test,q116,image,31532642,4572f99fea5f,1,1,1.0,0.992937,,675,0.088918,874,0.078791,1,675,1427,1427,out,경로 밖,out,out,,후보 밖,out
test,q116,image,30637776,f2cccdbd0d13,1,1,1.0,1.0,,1774,0.06609,1774,0.056393,1,1774,1423,1423,out,경로 밖,out,out,,후보 밖,out
dev,q117,image,1379738,8460fc47cd87,1,1,1.0,1.0,,579,0.107968,1788,0.089643,1,579,671,671,out,경로 밖,out,out,,후보 밖,out
dev,q117,image,1204915,fa9c53f46d7f,1,1,1.0,1.0,,274,0.118602,348,0.114308,1,274,274,274,out,경로 밖,out,out,,후보 밖,out
dev,q117,image,4806686,e4ed080cebb4,1,1,1.0,1.0,,866,0.100962,1703,0.091261,1,866,446,446,out,경로 밖,out,out,,후보 밖,out
dev,q117,image,31829536,c19d5ecfd900,1,1,1.0,0.997424,,1577,0.08679,2350,0.075546,1,1577,1901,1901,out,경로 밖,out,out,,후보 밖,out
dev,q117,image,5668985,2adfdf6d7dcb,1,1,1.0,0.998426,,609,0.10727,864,0.104244,1,609,954,954,out,경로 밖,out,out,,후보 밖,out
dev,q204,image,3822622,a7ecc930d54a,1,1,1.0,1.0,,1,0.167501,1,0.130873,1,1,2,2,1,후보 안,1,1,저신뢰 — 상위 5개만 재정렬 · 앞 20개만 채점,채점,1
dev,q205,image,30486509,f67c3045ffeb,1,1,1.0,1.0,,1,0.15476,1,0.149744,1,1,18,14,11,후보 안,11,11,저신뢰 — 상위 5개만 재정렬 · 앞 20개만 채점,채점,out
test,q300,image,8304594,c283868f93dd,1,1,1.0,1.0,,1,0.169652,1,0.20117,1,1,1,1,1,후보 안,1,1,저신뢰 — 상위 5개만 재정렬 · 앞 20개만 채점,채점,1
dev,q304,image,4583482,f672febd2b23,1,1,1.0,1.0,,4,0.150786,1,0.171346,1,4,4,4,4,후보 안,4,4,저신뢰 — 상위 5개만 재정렬 · 앞 20개만 채점,채점,4
dev,q307,image,30341745,b2548dfc069e,1,1,1.0,1.0,,1,0.182908,1,0.177125,1,1,1,1,1,후보 안,1,1,저신뢰 — 상위 5개만 재정렬 · 앞 20개만 채점,채점,1
test,q309,image,9634954,aa5b87bc2ed2,1,1,1.0,0.999511,,7,0.150257,3,0.12693,1,7,1,1,1,후보 안,1,1,저신뢰 — 상위 5개만 재정렬 · 앞 20개만 채점,채점,1
dev,q312,image,4543502,12328f3f87b7,1,1,1.0,0.996589,,1,0.185541,1,0.146447,1,1,18,18,5,후보 안,5,5,저신뢰 — 상위 5개만 재정렬 · 앞 20개만 채점,채점,5
dev,q315,image,7877917,a077c615f273,1,1,1.0,1.0,,1,0.177806,2,0.142651,1,1,1,1,1,후보 안,1,1,저신뢰 — 상위 5개만 재정렬 · 앞 20개만 채점,채점,1
test,m301,image,31189241,04ee23ca89f2,1,1,1.0,1.0,,4,0.146057,7,0.131384,1,4,7,7,4,후보 안,4,4,저신뢰 — 상위 5개만 재정렬 · 앞 20개만 채점,채점,4
test,m301,image,30859584,e47d13d09565,1,1,1.0,1.0,,7,0.145419,11,0.124416,1,7,1,1,7,후보 안,7,7,저신뢰 — 상위 5개만 재정렬 · 앞 20개만 채점,채점,7
test,m301,image,5684826,d7d668099cbc,1,1,1.0,1.0,,16,0.136965,15,0.121734,1,16,17,17,16,후보 안,16,16,저신뢰 — 상위 5개만 재정렬 · 앞 20개만 채점,채점,out
test,m301,image,5682700,d7d668099cbc,1,1,1.0,1.0,,17,0.136965,16,0.121734,1,17,26,26,17,후보 안,17,17,저신뢰 — 상위 5개만 재정렬 · 앞 20개만 채점,채점,out
test,m301,image,4226211,864d0700b9cd,1,1,1.0,1.0,,49,0.120904,86,0.100474,1,49,2,2,out,융합 절단,out,out,,후보 밖,out
test,m301,image,4232200,864d0700b9cd,1,1,1.0,1.0,,48,0.120904,85,0.100474,1,48,57,57,out,경로 밖,out,out,,후보 밖,out
test,m301,image,7854179,a5d0628b8ae1,1,1,1.0,1.0,,138,0.105746,302,0.085219,1,138,236,236,out,경로 밖,out,out,,후보 밖,out
test,m301,image,5381341,8e3c9075548f,1,1,1.0,1.0,,47,0.121823,99,0.099287,1,47,66,66,out,경로 밖,out,out,,후보 밖,out
test,m301,image,30864993,1fb6b0858df8,1,1,1.0,0.999385,,11,0.140697,4,0.132983,1,11,20,20,11,후보 안,11,11,저신뢰 — 상위 5개만 재정렬 · 앞 20개만 채점,채점,out
dev,m302,image,104868,a338bb5a0120,1,1,1.0,1.0,,311,0.105986,176,0.111346,1,311,581,581,out,경로 밖,out,out,,후보 밖,out
dev,m302,image,105886,eb3d49286ad4,1,1,1.0,1.0,,96,0.122799,99,0.119962,1,96,155,155,out,경로 밖,out,out,,후보 밖,out
dev,m302,image,25629,fe1f2b5d4460,1,1,1.0,1.0,,352,0.104251,382,0.098859,1,352,532,532,out,경로 밖,out,out,,후보 밖,out
dev,m302,image,2626610,542bfdd97f3c,1,1,1.0,1.0,,255,0.109135,190,0.110511,1,255,480,480,out,경로 밖,out,out,,후보 밖,out
dev,m302,image,4527879,7bfb45722327,1,1,1.0,1.0,,82,0.124658,68,0.123778,1,82,111,111,out,경로 밖,out,out,,후보 밖,out
dev,m303,image,30755375,594f3927ade3,1,1,1.0,1.0,,30,0.129834,27,0.117197,1,30,37,37,30,후보 안,30,30,,채점 안 함(앞 20개만 채점),out
dev,m303,image,31688205,e4940b9ead01,1,1,1.0,0.991378,,23,0.131408,61,0.108931,1,23,29,29,23,후보 안,23,23,,채점 안 함(앞 20개만 채점),out
dev,m303,image,8042553,fdbac3c0472b,1,1,1.0,1.0,,173,0.110332,297,0.088963,1,173,276,276,out,경로 밖,out,out,,후보 밖,out
test,m401,multimodal,4097003,0abfa671c389,1,1,1.0,0.998476,,1700,0.075431,1521,0.072915,1,1700,1684,60,out,경로 밖,out,out,,후보 밖,out
dev,m402,multimodal,67169,37cdaa07986e,1,1,1.0,0.999504,,558,0.096488,764,0.064417,1,558,28,18,16,후보 안,16,16,저신뢰 — 상위 5개만 재정렬 · 앞 20개만 채점,채점,out
dev,m402,multimodal,1467722,f7957b857940,1,1,1.0,0.991767,,343,0.105374,431,0.072829,1,343,157,31,out,경로 밖,out,out,,후보 밖,out
dev,m402,multimodal,4512170,91697e25e15d,1,1,1.0,0.998192,,1705,0.069017,1986,0.040195,1,1705,187,37,out,경로 밖,out,out,,후보 밖,out
dev,m402,multimodal,5668985,2adfdf6d7dcb,1,1,1.0,0.998426,,546,0.096924,466,0.071587,1,546,107,35,out,경로 밖,out,out,,후보 밖,out
dev,m403,multimodal,30849733,59c8302fd3b4,1,1,1.0,1.0,,1903,0.071035,2748,0.027161,1,1903,575,350,out,경로 밖,out,out,,후보 밖,out
dev,m403,multimodal,4129672,8ac3275e270c,1,1,1.0,1.0,,2590,0.054608,1446,0.059463,1,2590,1083,619,out,경로 밖,out,out,,후보 밖,out
