split,query_id,modality_focus,has_visual_clue,image_weight,image_path_active,cached_sentence,visual_sentence,top1_score_cached,top1_score_visual
test,q116,image,1,0.4,1,"Album cover with a blue color palette, featuring no human faces.",an album cover in shades of blue with no human face,0.165738,0.174338
dev,q117,image,1,0.7,1,"Minimalist album cover featuring only large, prominent typography with no photographic imagery.","an album cover with only large text and no photo, very simple",0.15936,0.158871
dev,q204,image,1,0.8,1,Album cover featuring an illustration of five women wearing different animal masks against a plain white background.,an illustration on a white background of five women each wearing a different animal mask,0.167501,0.130873
dev,q205,image,1,0.4,1,Album cover featuring a large stack of colorful books.,an album cover image of a huge pile of colorful books,0.15476,0.149744
test,q300,image,1,0.8,1,"Minimalist album cover with a solid pink background, a small black triangular shape appearing as a peeled-back paper corner at the bottom, and a small white rectangular label at the bottom.",an almost solid pink album cover with a black triangle like a lifted corner of paper at one lower corner and a small white label-like rectangle at the bottom,0.169652,0.20117
dev,q304,image,1,0.7,1,"Album cover with a solid green background, featuring four large white geometric shapes arranged symmetrically, with angular, geometric typography.","an album cover with a green background and four large white geometric shapes, angular lettering, very simple",0.157436,0.171346
dev,q307,image,1,0.8,1,"Minimalist album cover with a gray color palette, divided by a diagonal line, featuring four small figures of men standing scattered in the space.","a gray album cover divided diagonally, with four tiny men scattered and standing, cold and minimal",0.182908,0.177125
test,q309,image,1,0.7,1,"Album cover with a light blue background and a long, curved pink cursive title. Minimal human presence, featuring playful, toy-like typography design.","a sky blue background with a long curved pink cursive title, almost no photo of people, playful toy-like lettering",0.17668,0.148697
dev,q312,image,1,0.5,1,"Album cover featuring a large hand-drawn flower illustration with bold black lines, set against a rough, textured, paper-like background with handwritten typography.","a large hand-drawn flower in black lines on a rough, calm paper-textured background, with a handwritten title",0.185541,0.146447
dev,q315,image,1,0.7,1,"Album cover featuring a black and white portrait of a woman against a soft pink-tinted background, with overlapping floral shadows or petals, and a single large uppercase English letter printed on the left side.","a black and white photo of a woman's face on a light pinkish background with overlapping flower shadows or petals, and one large uppercase English letter on the left",0.177806,0.150722
test,m301,image,1,0.6,1,"Album cover featuring a solid, monochromatic red color palette.",an all red album cover,0.16233,0.138348
dev,m302,image,1,0.6,1,"Album cover featuring a large, close-up portrait of a person's face.",an album cover with a large close-up of a person's face,0.159594,0.155143
dev,m303,image,1,0.6,1,Black and white photograph album cover with minimal or no visible typography.,a black and white photo album cover with almost no text,0.161235,0.138153
test,m401,multimodal,1,0.35,1,"Album cover with a bright, pastel-toned color palette.",a bright pastel-toned album cover,0.165091,0.153665
dev,m402,multimodal,1,0.35,1,"Album cover with a dark, cold, and moody aesthetic.",a dark and cold album cover,0.164693,0.11407
dev,m403,multimodal,1,0.35,1,"Album cover with a colorful, vibrant, and chaotic visual style.","a colorful, busy and noisy album cover",0.152068,0.129173
